url,http_status,title,title_length,meta_description,meta_description_length,h1_count,word_count,images_total,images_missing_alt,links_count,canonical,hreflang_count,json_ld_blocks,score,score_reasons,pagespeed_performance,moz_domain_authority,moz_page_authority,moz_external_links
https://www.ellocentlabs.com,200,Top Software Development Company | Ellocent Labs IT Solution,60,"Ellocent Labs specializes in AI, automation, and custom software solutions that drive innovation and business growth. Turn your vision into reality.",148,1,3531,153,1,73,https://www.ellocentlabs.com/,2,12,100,,,,,
https://www.ellocentlabs.com/about-us,200,About Ellocent Labs: Best Software Development Company,54,"Ellocent Labs specializes in AI, automation, and custom software solutions that drive innovation and business growth. Turn your vision into reality.",148,1,1334,132,1,95,https://www.ellocentlabs.com/about-us,2,12,100,,0.55,,,
https://www.ellocentlabs.com/solutions/revolutionizing-aviation-data-cloud-native,200,Cloud-Native Aviation Data Solutions | Ellocent Labs,52,"Ellocent Labs specializes in AI, automation, and custom software solutions that drive innovation and business growth. Turn your vision into reality.",148,1,2090,11,1,46,https://www.ellocentlabs.com/solutions/revolutionizing-aviation-data-cloud-native,3,12,100,,0.55,,,
https://www.ellocentlabs.com/solutions/saas-scalability-automating-multi-client-onboarding,200,Automated Multi-Client SaaS Onboarding | Single Codebase Solution,65,"Ellocent Labs specializes in AI, automation, and custom software solutions that drive innovation and business growth. Turn your vision into reality.",148,1,1406,12,5,46,https://www.ellocentlabs.com/solutions/saas-scalability-automating-multi-client-onboarding,3,12,100,,,,,
https://www.ellocentlabs.com/solutions/stopping-bots-edge-level-filtering-api-performance,200,SaaS API Performance: Edge Filtering for Bot Protection,55,"Ellocent Labs specializes in AI, automation, and custom software solutions that drive innovation and business growth. Turn your vision into reality.",148,1,1618,3,1,43,https://www.ellocentlabs.com/solutions/stopping-bots-edge-level-filtering-api-performance,3,12,100,,,,,
https://www.ellocentlabs.com/services/artificial-intelligence,200,AI & Machine Learning Solutions | Ellocent Labs,47,"Ellocent Labs specializes in AI, automation, and custom software solutions that drive innovation and business growth. Turn your vision into reality.",148,1,3165,145,1,57,https://www.ellocentlabs.com/services/artificial-intelligence,2,12,100,,,,,
https://www.ellocentlabs.com/services/project-management,200,Project Management Consulting | Ellocent Labs,45,"Ellocent Labs specializes in AI, automation, and custom software solutions that drive innovation and business growth. Turn your vision into reality.",148,1,3132,127,1,57,https://www.ellocentlabs.com/services/project-management,3,12,100,,,,,
https://www.ellocentlabs.com/services/no-code-platform,200,No-Code Development Services | Ellocent Labs,44,"Ellocent Labs specializes in AI, automation, and custom software solutions that drive innovation and business growth. Turn your vision into reality.",148,1,3808,165,1,57,https://www.ellocentlabs.com/services/no-code-platform,2,12,100,,,,,
https://www.ellocentlabs.com/case-studies/nhs-uk,200,NHS Digital Health Transformation | Ellocent Labs Case Study,60,"Ellocent Labs specializes in AI, automation, and custom software solutions that drive innovation and business growth. Turn your vision into reality.",148,1,1236,18,1,49,https://www.ellocentlabs.com/case-studies/nhs-uk,2,12,100,,,,,
https://www.ellocentlabs.com/case-studies/keylr,200,Keylr Case Study: Streamlined Property Management,49,"Ellocent Labs specializes in AI, automation, and custom software solutions that drive innovation and business growth. Turn your vision into reality.",148,1,1130,37,1,51,https://www.ellocentlabs.com/case-studies/keylr,3,12,100,,,,,
https://www.ellocentlabs.com/case-studies/bonds,200,Bonds Case Study: AI-Powered Relationship Insights,50,"Ellocent Labs specializes in AI, automation, and custom software solutions that drive innovation and business growth. Turn your vision into reality.",148,1,1002,35,1,51,https://www.ellocentlabs.com/case-studies/bonds,3,12,100,,,,,
https://www.ellocentlabs.com/blogs/how-business-analysts-keep-projects-on-track-when-requirements-shift,200,How Business Analysts Keep Projects on Track When Requirements Shift | Ellocent Labs,84,"Ellocent Labs specializes in AI, automation, and custom software solutions that drive innovation and business growth. Turn your vision into reality.",148,1,6771,31,4,81,https://www.ellocentlabs.com/blogs/how-business-analysts-keep-projects-on-track-when-requirements-shift,3,12,100,,,,,
https://www.ellocentlabs.com/blogs/agile-uiux-coordination-roles-responsibilities-and-best-practices,200,"Agile UI/UX Coordination: Roles, Responsibilities and Best Practices | Ellocent Labs",84,"Ellocent Labs specializes in AI, automation, and custom software solutions that drive innovation and business growth. Turn your vision into reality.",148,1,7782,20,3,81,https://www.ellocentlabs.com/blogs/agile-uiux-coordination-roles-responsibilities-and-best-practices,3,12,100,,,,,
https://www.ellocentlabs.com/agile,200,Leading Agile Software Development Company - Ellocent Labs,58,"Ellocent Labs specializes in AI, automation, and custom software solutions that drive innovation and business growth. Turn your vision into reality.",148,1,992,30,1,51,https://www.ellocentlabs.com/agile,3,12,100,,,,,
https://www.ellocentlabs.com/blogs/scaling-ai-in-enterprises-from-prototype-to-production-in-2026,200,Scaling AI in Enterprises: From Prototype to Production in 2026 | Ellocent Labs,79,"Ellocent Labs specializes in AI, automation, and custom software solutions that drive innovation and business growth. Turn your vision into reality.",148,1,7741,27,8,80,https://www.ellocentlabs.com/blogs/scaling-ai-in-enterprises-from-prototype-to-production-in-2026,3,12,100,,,,,
https://www.ellocentlabs.com/,200,Top Software Development Company | Ellocent Labs IT Solution,60,"Ellocent Labs specializes in AI, automation, and custom software solutions that drive innovation and business growth. Turn your vision into reality.",148,1,3531,153,1,73,https://www.ellocentlabs.com/,2,12,100,,,,,
https://www.ellocentlabs.com/career,200,Careers at Ellocent Labs | Join Our Team of Innovators,54,"Ellocent Labs specializes in AI, automation, and custom software solutions that drive innovation and business growth. Turn your vision into reality.",148,1,359,50,1,90,https://www.ellocentlabs.com/career,3,12,100,,,,,
https://www.ellocentlabs.com/hire-us,200,Hire Us for Expert Software Development Services | Ellocent Labs,64,"Ellocent Labs specializes in AI, automation, and custom software solutions that drive innovation and business growth. Turn your vision into reality.",148,1,1172,77,1,45,https://www.ellocentlabs.com/hire-us,3,12,100,,,,,
https://www.ellocentlabs.com/contact-us,200,Contact Ellocent Labs - Your Partner in Digital Transformation,62,"Ellocent Labs specializes in AI, automation, and custom software solutions that drive innovation and business growth. Turn your vision into reality.",148,1,466,67,1,47,https://www.ellocentlabs.com/contact-us,3,12,100,,,,,
https://www.ellocentlabs.com/privacy-policy,200,Privacy Policy for Software Development Services- Ellocent Labs,63,"Ellocent Labs specializes in AI, automation, and custom software solutions that drive innovation and business growth. Turn your vision into reality.",148,1,487,1,1,42,https://www.ellocentlabs.com/privacy-policy,3,12,100,,,,,
https://www.ellocentlabs.com/blogs,200,Ellocent Labs Blogs: Insights on Software and Technology,56,"Ellocent Labs specializes in AI, automation, and custom software solutions that drive innovation and business growth. Turn your vision into reality.",148,1,606,11,1,50,https://www.ellocentlabs.com/blogs,3,12,100,,,,,
https://www.ellocentlabs.com/case-studies,200,Case Studies | Successful Software Solutions by Ellocent Labs,61,"Ellocent Labs specializes in AI, automation, and custom software solutions that drive innovation and business growth. Turn your vision into reality.",148,1,416,12,1,50,https://www.ellocentlabs.com/case-studies,3,12,100,,,,,
https://www.ellocentlabs.com/AI-automation-case-studies,200,AI & Automation Solutions | Ellocent Labs Case Studies,54,"Ellocent Labs specializes in AI, automation, and custom software solutions that drive innovation and business growth. Turn your vision into reality.",148,1,654,25,1,64,https://www.ellocentlabs.com/ai-automation-case-studies,2,12,100,,,,,
https://www.ellocentlabs.com/technologies,200,"Technology Stack for AI, Web  Mobile | Ellocent Labs",52,"Ellocent Labs specializes in AI, automation, and custom software solutions that drive innovation and business growth. Turn your vision into reality.",148,1,392,46,1,40,https://www.ellocentlabs.com/technologies,2,12,100,,,,,
https://www.ellocentlabs.com/services/blockchain-development,200,Blockchain Development Services | Ellocent Labs,47,"Ellocent Labs specializes in AI, automation, and custom software solutions that drive innovation and business growth. Turn your vision into reality.",148,1,3216,154,1,57,https://www.ellocentlabs.com/services/blockchain-development,2,12,100,,,,,
https://www.ellocentlabs.com/services/automation-services,200,Boost Efficiency with Automation | Ellocent Labs,48,"Ellocent Labs specializes in AI, automation, and custom software solutions that drive innovation and business growth. Turn your vision into reality.",148,1,2794,123,1,46,https://www.ellocentlabs.com/services/automation-services,2,12,100,,,,,
https://www.ellocentlabs.com/services/cloud-computing,200,Cloud Solutions & Management | Ellocent Labs,44,"Ellocent Labs specializes in AI, automation, and custom software solutions that drive innovation and business growth. Turn your vision into reality.",148,1,3148,157,1,57,https://www.ellocentlabs.com/services/cloud-computing,2,12,100,,,,,
https://www.ellocentlabs.com/services/digital-marketing,200,Digital Marketing Services | Ellocent Labs,42,"Ellocent Labs specializes in AI, automation, and custom software solutions that drive innovation and business growth. Turn your vision into reality.",148,1,3417,154,1,57,https://www.ellocentlabs.com/services/digital-marketing,3,12,100,,,,,
https://www.ellocentlabs.com/services/custom-web-development,200,Custom Software Development | Ellocent Labs,43,"Ellocent Labs specializes in AI, automation, and custom software solutions that drive innovation and business growth. Turn your vision into reality.",148,1,3082,153,1,57,https://www.ellocentlabs.com/services/custom-web-development,2,12,100,,,,,
https://www.ellocentlabs.com/solutions,200,Innovative Solutions for Your Business | Ellocent Labs,54,"Ellocent Labs specializes in AI, automation, and custom software solutions that drive innovation and business growth. Turn your vision into reality.",148,1,7338,54,1,86,https://www.ellocentlabs.com/solutions,3,12,100,,,,,
https://www.ellocentlabs.com/services/cloud-computing/cloud-application-development,200,Cloud Application Development,29,"Ellocent Labs specializes in AI, automation, and custom software solutions that drive innovation and business growth. Turn your vision into reality.",148,1,884,36,1,44,https://www.ellocentlabs.com/services/cloud-computing/cloud-application-development,3,12,100,,,,,
https://www.ellocentlabs.com/blogs/a-comprehensive-guide-to-docker-architecture-components-advantages-and-limitations,200,"A Comprehensive Guide to Docker: Architecture, Components, Advantages and Limitations | Ellocent Labs",101,"Ellocent Labs specializes in AI, automation, and custom software solutions that drive innovation and business growth. Turn your vision into reality.",148,1,7460,48,5,82,https://www.ellocentlabs.com/blogs/a-comprehensive-guide-to-docker-architecture-components-advantages-and-limitations,3,12,100,,,,,
https://www.ellocentlabs.com/services/cloud-computing/devops-on-cloud,200,DevOps on Cloud Services,24,"Ellocent Labs specializes in AI, automation, and custom software solutions that drive innovation and business growth. Turn your vision into reality.",148,1,862,45,1,44,https://www.ellocentlabs.com/services/cloud-computing/devops-on-cloud,2,12,100,,,,,
https://www.ellocentlabs.com/blogs/kubernetes-unraveled-mastering-container-orchestration,200,Kubernetes Unraveled: Mastering Container Orchestration | Ellocent Labs,71,"Ellocent Labs specializes in AI, automation, and custom software solutions that drive innovation and business growth. Turn your vision into reality.",148,1,8736,26,3,77,https://www.ellocentlabs.com/blogs/kubernetes-unraveled-mastering-container-orchestration,3,12,100,,,,,
https://www.ellocentlabs.com/services/custom-web-development/saas-product-development,200,SaaS Product Development,24,"Ellocent Labs specializes in AI, automation, and custom software solutions that drive innovation and business growth. Turn your vision into reality.",148,1,854,43,1,47,https://www.ellocentlabs.com/services/custom-web-development/saas-product-development,3,12,100,,,,,
https://www.ellocentlabs.com/services,200,"Ellocent Labs: AI, Blockchain, Web & Tech Solutions",51,"Ellocent Labs specializes in AI, automation, and custom software solutions that drive innovation and business growth. Turn your vision into reality.",148,1,658,12,1,91,https://www.ellocentlabs.com/services,2,12,100,,,,,
https://www.ellocentlabs.com/industries/non-profit-sector,200,Non-Profit Software Solutions | Donor & Volunteer Management,60,"Ellocent Labs specializes in AI, automation, and custom software solutions that drive innovation and business growth. Turn your vision into reality.",148,1,7907,42,1,78,https://www.ellocentlabs.com/industries/non-profit-sector,2,12,100,,,,,
https://www.ellocentlabs.com/industries/logistics-and-transportation,200,Logistics & Transportation Solutions | Ellocent Labs,52,"Ellocent Labs specializes in AI, automation, and custom software solutions that drive innovation and business growth. Turn your vision into reality.",148,1,8013,60,7,72,https://www.ellocentlabs.com/industries/logistics-and-transportation,3,12,100,,,,,
https://www.ellocentlabs.com/industries/healthcare,200,Scalable & Secure Healthcare IT Solutions | Ellocent Labs,57,"Ellocent Labs specializes in AI, automation, and custom software solutions that drive innovation and business growth. Turn your vision into reality.",148,1,8803,94,1,86,https://www.ellocentlabs.com/industries/healthcare,3,12,100,,,,,
https://www.ellocentlabs.com/industries,200,Innovative Solutions for Various Industries- Ellocent Labs,58,"Ellocent Labs specializes in AI, automation, and custom software solutions that drive innovation and business growth. Turn your vision into reality.",148,1,517,27,1,68,https://www.ellocentlabs.com/industries,2,12,100,,,,,
https://www.ellocentlabs.com/industries/fintech-banking,200,Fintech & Insurance Software Solutions | Ellocent Labs,54,"Ellocent Labs specializes in AI, automation, and custom software solutions that drive innovation and business growth. Turn your vision into reality.",148,1,8560,47,4,86,https://www.ellocentlabs.com/industries/fintech-banking,2,12,100,,,,,
https://www.ellocentlabs.com/industries/ecommerce,200,Smart E-commerce Solutions for Growth | Ellocent Labs,53,"Ellocent Labs specializes in AI, automation, and custom software solutions that drive innovation and business growth. Turn your vision into reality.",148,1,9510,75,1,88,https://www.ellocentlabs.com/industries/ecommerce,3,12,100,,,,,
https://www.ellocentlabs.com/industries/enterprise,200,Custom Enterprise Software Solutions | AI-Driven Innovation,59,"Ellocent Labs specializes in AI, automation, and custom software solutions that drive innovation and business growth. Turn your vision into reality.",148,1,7673,45,4,89,https://www.ellocentlabs.com/industries/enterprise,3,12,100,,,,,
https://www.ellocentlabs.com/industries/travel-and-tourism,200,Custom Software for Tour & Travel Industry | Ellocent Lab,57,"Ellocent Labs specializes in AI, automation, and custom software solutions that drive innovation and business growth. Turn your vision into reality.",148,1,7854,43,1,80,https://www.ellocentlabs.com/industries/travel-and-tourism,2,12,100,,,,,
https://www.ellocentlabs.com/industries/on-demand-service,200,Powering Instant On-Demand Services | Ellocent Labs,51,"Ellocent Labs specializes in AI, automation, and custom software solutions that drive innovation and business growth. Turn your vision into reality.",148,1,7964,69,1,80,https://www.ellocentlabs.com/industries/on-demand-service,3,12,100,,,,,
https://www.ellocentlabs.com/industries/cybersecurity,200,Advanced Cybersecurity Solutions | Ellocent Labs,48,"Ellocent Labs specializes in AI, automation, and custom software solutions that drive innovation and business growth. Turn your vision into reality.",148,1,7961,59,1,80,https://www.ellocentlabs.com/industries/cybersecurity,3,12,100,,,,,
https://www.ellocentlabs.com/industries/education-and-learning,200,Revolutionary EdTech Solutions for Smarter Learning,51,"Ellocent Labs specializes in AI, automation, and custom software solutions that drive innovation and business growth. Turn your vision into reality.",148,1,10349,56,7,77,https://www.ellocentlabs.com/industries/education-and-learning,2,12,100,,,,,
https://www.ellocentlabs.com/industries/ai-and-automation,200,Smart AI & Automation for Industry Growth | Ellocent Labs,57,"Ellocent Labs specializes in AI, automation, and custom software solutions that drive innovation and business growth. Turn your vision into reality.",148,1,9993,52,1,86,https://www.ellocentlabs.com/industries/ai-and-automation,3,12,100,,,,,
https://www.ellocentlabs.com/industries/blockchain,200,Secure & Scalable AI Blockchain Solutions | Ellocent Labs,57,"Ellocent Labs specializes in AI, automation, and custom software solutions that drive innovation and business growth. Turn your vision into reality.",148,1,7793,70,1,82,https://www.ellocentlabs.com/industries/blockchain,2,12,100,,,,,
https://www.ellocentlabs.com/case-studies/hiring-system,200,"AI Recruitment Platform - Smarter, Faster Hiring",48,"Ellocent Labs specializes in AI, automation, and custom software solutions that drive innovation and business growth. Turn your vision into reality.",148,1,1039,40,1,49,https://www.ellocentlabs.com/case-studies/hiring-system,3,12,100,,,,,
